uf,ano,estupro,estupro_vulneravel,estupro_feminino,estupro_vulneravel_feminino,estupro_masculino,estupro_vulneravel_masculino,estupro_nao_informado,estupro_vulneravel_nao_informado,inse,quantidade_alunos_inse,percentual_nivel_1,percentual_nivel_2,percentual_nivel_3,percentual_nivel_4,percentual_nivel_5,percentual_nivel_6,percentual_nivel_7,percentual_nivel_8
AC,2019,139,238,128.0,209.0,10.0,27.0,1.0,2.0,4.57,28003.0,1.66,28.0,21.69,18.7,14.1,8.36,6.48,1.02
AC,2021,145,489,134.0,444.0,9.0,26.0,2.0,19.0,4.63,23143.0,2.24,23.36,21.19,20.75,15.21,9.32,6.79,1.14
AL,2019,207,598,192.0,525.0,15.0,69.0,0.0,4.0,4.45,93866.0,4.72,29.48,21.0,18.02,12.46,7.49,5.73,1.11
AL,2021,248,686,232.0,589.0,15.0,91.0,1.0,6.0,4.55,90919.0,3.29,23.22,23.04,21.7,14.65,8.19,5.14,0.77
AM,2019,292,709,270.0,609.0,21.0,100.0,1.0,0.0,4.55,143310.0,3.1,27.55,21.76,18.36,12.92,8.0,7.04,1.26
AM,2021,218,549,209.0,482.0,8.0,66.0,1.0,1.0,4.57,142430.0,3.87,24.53,20.8,19.71,14.23,8.89,6.78,1.17
AP,2019,196,435,187.0,374.0,8.0,50.0,1.0,11.0,4.69,25435.0,1.58,22.59,22.0,19.93,14.27,9.55,8.54,1.54
AP,2021,185,478,179.0,422.0,5.0,52.0,1.0,4.0,4.76,20163.0,1.43,17.6,21.98,22.71,16.25,10.3,8.33,1.39
BA,2019,1016,2469,955.0,2112.0,60.0,354.0,1.0,3.0,4.58,380543.0,2.98,24.15,21.54,20.77,14.85,8.63,6.08,1.01
BA,2021,2978,1123,2637.0,988.0,341.0,120.0,0.0,15.0,4.62,337361.0,2.47,20.01,22.98,23.43,16.33,8.74,5.31,0.73
CE,2019,493,1479,455.0,1294.0,38.0,185.0,0.0,0.0,4.44,282527.0,4.88,29.65,21.09,17.98,12.62,7.39,5.47,0.92
CE,2021,363,1566,333.0,1369.0,29.0,193.0,1.0,4.0,4.53,284549.0,3.32,24.2,23.54,21.26,14.18,7.41,5.17,0.93
DF,2019,293,462,268.0,359.0,21.0,103.0,4.0,0.0,5.54,72610.0,0.27,3.97,8.6,16.18,20.61,19.44,24.31,6.62
DF,2021,263,469,232.0,405.0,29.0,62.0,2.0,2.0,5.6,66261.0,0.19,3.03,7.69,15.63,20.98,19.79,24.27,8.42
ES,2019,1797,0,1289.0,0.0,222.0,0.0,286.0,0.0,5.08,98112.0,0.69,10.3,15.6,21.19,20.68,15.72,13.59,2.24
ES,2021,1510,0,1121.0,0.0,164.0,0.0,225.0,0.0,5.14,94800.0,0.63,7.79,14.11,21.78,22.55,17.12,13.88,2.15
GO,2019,916,2824,864.0,2421.0,44.0,384.0,8.0,19.0,5.16,180722.0,0.55,7.86,13.42,21.28,23.45,17.01,14.05,2.38
GO,2021,870,2690,817.0,2348.0,49.0,312.0,4.0,30.0,5.2,192835.0,0.46,6.09,12.55,21.94,24.84,17.96,14.06,2.11
MA,2019,1477,0,1223.0,0.0,190.0,0.0,64.0,0.0,4.22,233633.0,6.05,38.5,21.09,15.52,9.85,4.97,3.47,0.55
MA,2021,524,1492,485.0,1342.0,36.0,134.0,3.0,16.0,4.34,216656.0,5.22,30.46,23.72,19.51,11.88,5.77,3.03,0.41
MG,2019,1536,4055,1443.0,3427.0,88.0,581.0,5.0,47.0,5.11,549942.0,0.96,10.78,13.92,19.88,20.97,16.43,14.72,2.35
MG,2021,1270,3808,1188.0,3294.0,70.0,476.0,12.0,38.0,5.21,462939.0,0.72,7.59,12.65,20.13,22.37,17.97,15.65,2.92
MS,2019,2544,0,2165.0,0.0,313.0,0.0,66.0,0.0,5.16,77457.0,0.4,8.97,14.42,20.8,21.56,16.25,14.74,2.86
MS,2021,2398,147,1988.0,118.0,245.0,21.0,165.0,8.0,5.23,64941.0,0.43,6.59,12.43,20.99,23.5,17.21,15.57,3.28
MT,2019,712,1554,660.0,1326.0,51.0,224.0,1.0,4.0,5.03,97099.0,0.37,10.96,16.95,22.68,21.23,14.2,11.42,2.2
MT,2021,624,1372,566.0,1178.0,58.0,193.0,0.0,1.0,5.15,83344.0,0.3,6.66,14.37,23.33,23.87,16.32,12.36,2.78
PA,2019,852,2742,802.0,2384.0,46.0,325.0,4.0,33.0,4.31,269993.0,5.06,35.74,21.7,16.2,10.29,5.74,4.52,0.75
PA,2021,693,2985,662.0,2669.0,31.0,309.0,0.0,7.0,4.39,236738.0,5.09,28.48,23.33,19.94,12.61,6.22,3.84,0.49
PB,2019,298,0,264.0,0.0,32.0,0.0,2.0,0.0,4.65,100773.0,3.04,23.51,20.71,19.27,14.53,9.27,7.91,1.76
PB,2021,511,0,421.0,0.0,37.0,0.0,53.0,0.0,4.65,89415.0,2.53,20.61,21.63,22.31,16.07,9.7,6.25,0.89
PE,2019,895,1945,793.0,1643.0,98.0,295.0,4.0,7.0,4.61,250843.0,3.02,23.25,21.58,20.3,14.67,8.98,7.06,1.13
PE,2021,769,1988,698.0,1736.0,67.0,238.0,4.0,14.0,4.67,247632.0,2.24,18.54,22.49,23.56,16.71,9.36,6.38,0.73
PI,2019,264,767,243.0,654.0,18.0,95.0,3.0,18.0,4.35,98604.0,5.76,33.78,19.87,16.39,11.5,6.51,5.18,1.0
PI,2021,209,942,186.0,828.0,22.0,99.0,1.0,15.0,4.44,92265.0,4.38,28.27,22.53,19.74,13.14,6.74,4.28,0.92
PR,2019,1516,5685,1365.0,4779.0,151.0,902.0,0.0,4.0,5.45,306314.0,0.15,4.26,8.98,16.71,22.84,21.4,21.7,3.95
PR,2021,1450,5111,1322.0,4394.0,127.0,714.0,1.0,3.0,5.5,301195.0,0.16,3.15,7.76,16.08,23.21,22.41,22.73,4.49
RJ,2019,5450,0,4687.0,0.0,696.0,0.0,67.0,0.0,5.16,312708.0,0.52,8.13,14.86,21.41,21.34,15.87,15.19,2.68
RJ,2021,5110,0,4429.0,0.0,627.0,0.0,54.0,0.0,5.13,290025.0,0.7,7.73,14.56,21.92,22.71,17.13,13.31,1.94
RN,2019,215,344,184.0,274.0,20.0,62.0,11.0,8.0,4.66,80286.0,2.44,21.78,20.75,20.85,16.61,9.82,6.86,0.89
RN,2021,190,593,176.0,496.0,11.0,86.0,3.0,11.0,4.74,69523.0,1.6,17.24,21.55,23.42,17.69,10.75,6.68,1.08
RO,2019,1239,0,1098.0,0.0,138.0,0.0,3.0,0.0,4.86,57100.0,0.31,14.51,21.45,23.77,18.83,11.27,8.43,1.42
RO,2021,1061,0,974.0,0.0,84.0,0.0,3.0,0.0,4.97,50118.0,0.36,9.09,19.03,26.39,21.56,12.96,9.11,1.51
RR,2019,116,229,106.0,189.0,6.0,27.0,4.0,13.0,4.72,17373.0,3.22,22.58,18.85,18.21,14.66,10.43,10.0,2.04
RR,2021,151,473,146.0,417.0,5.0,45.0,0.0,11.0,4.78,12549.0,3.1,17.68,18.6,20.83,17.27,10.89,9.9,1.72
RS,2019,1502,3794,1392.0,3193.0,110.0,601.0,0.0,0.0,5.46,226411.0,0.16,3.92,8.62,16.41,22.63,22.04,22.48,3.74
RS,2021,1167,3898,1087.0,3327.0,80.0,571.0,0.0,0.0,5.5,195611.0,0.16,3.24,7.54,16.31,23.0,22.72,22.72,4.3
SC,2019,4381,3078,3783.0,2639.0,592.0,436.0,6.0,3.0,5.59,181384.0,0.08,2.19,6.14,13.77,23.1,25.27,25.45,4.0
SC,2021,1535,2858,1402.0,2489.0,133.0,369.0,0.0,0.0,5.63,167174.0,0.09,1.78,5.42,13.15,23.1,25.22,25.96,5.28
SE,2019,176,619,151.0,518.0,22.0,85.0,3.0,16.0,4.56,58659.0,3.86,26.56,19.55,18.14,14.16,9.56,7.09,1.07
SE,2021,175,719,142.0,561.0,21.0,72.0,12.0,86.0,4.59,58633.0,3.38,21.78,21.34,21.11,17.04,9.35,5.45,0.55
SP,2019,3447,10676,3191.0,8820.0,255.0,1849.0,1.0,7.0,5.42,1176914.0,0.22,4.23,9.62,17.87,22.98,20.77,19.79,4.52
SP,2021,2706,9802,2486.0,8333.0,218.0,1461.0,2.0,8.0,5.46,1068518.0,0.24,3.32,8.49,17.49,23.06,21.79,21.26,4.35
TO,2019,879,0,766.0,0.0,91.0,0.0,22.0,0.0,4.69,55095.0,1.97,21.88,20.38,20.7,16.31,10.06,7.4,1.3
TO,2021,188,855,181.0,744.0,5.0,88.0,2.0,23.0,4.82,46519.0,1.45,15.47,19.75,23.34,19.03,11.35,7.96,1.67
